Class 2,Class 3,Class 6,Class 7,Class 9,Class 13,Class 14,Class 15,Class 17,Class 20,Class 21,Class 23,Class 24,Class 25,Class 27,Class 28,Class 30,Class 31,Class 32,Class 33,Class 34,Class 35,Class 39,Class 40,Class 41,Class 42,Class 44,Class 46,Class 47,Class 48,Class 49,Class 50,Class 52,Class 53,Class 54,Class 55,Class 59,Class 60,Class 69,Class 72,Class 73,Class 77,Class 79,Class 81,Class 83,Class 84,Class 86,Class 88,Class 89,Class 90,Class 93,Class 94,Class 95,Class 96,Class 97,Class 101,Class 102,Class 105,Class 109,Class 116,Class 118,Class 120,Class 122,Class 123,Class 125,Class 126,Class 128,Class 129,Class 136,Class 139,Class 140,Class 141,Class 144,Class 145,Class 146,Class 148,Class 149,Class 151,Class 153,Class 155,Class 165,Class 176,Class 177,Class 178,Class 190,Class 191,Class 194,Class 195,Class 199,Class 202,Class 212,Class 215,Class 218,Class 221,Class 222,Class 226,Class 227,Class 228,Class 229,Class 230,Class 231,Class 232,Class 240,Class 242,Class 244,Class 246
"If any, what do you see as the key benefits or opportunities for using AI chatbots in educational settings?","If any, what do you see as the key benefits or opportunities for using AI chatbots in educational settings?","If any, what do you see as the key benefits or opportunities for using AI chatbots in educational settings?","If any, what do you see as the key benefits or opportunities for using AI chatbots in educational settings?","If any, what do you see as the key benefits or opportunities for using AI chatbots in educational settings?","If any, what do you see as the key benefits or opportunities for using AI chatbots in educational settings?","If any, what do you see as the key benefits or opportunities for using AI chatbots in educational settings?","If any, what do you see as the key benefits or opportunities for using AI chatbots in educational settings?","If any, what do you see as the key benefits or opportunities for using AI chatbots in educational settings?","If any, what do you see as the key benefits or opportunities for using AI chatbots in educational settings?","If any, what do you see as the key benefits or opportunities for using AI chatbots in educational settings?","If any, what do you see as the key benefits or opportunities for using AI chatbots in educational settings?","If any, what do you see as the key benefits or opportunities for using AI chatbots in educational settings?","If any, what do you see as the key benefits or opportunities for using AI chatbots in educational settings?","If any, what do you see as the key benefits or opportunities for using AI chatbots in educational settings?","If any, what do you see as the key benefits or opportunities for using AI chatbots in educational settings?","If any, what do you see as the key benefits or opportunities for using AI chatbots in educational settings?","If any, what do you see as the key benefits or opportunities for using AI chatbots in educational settings?","If any, what do you see as the key benefits or opportunities for using AI chatbots in educational settings?","If any, what do you see as the key benefits or opportunities for using AI chatbots in educational settings?","If any, what do you see as the key benefits or opportunities for using AI chatbots in educational settings?","If any, what do you see as the key benefits or opportunities for using AI chatbots in educational settings?","If any, what do you see as the key benefits or opportunities for using AI chatbots in educational settings?","If any, what do you see as the key benefits or opportunities for using AI chatbots in educational settings?","If any, what do you see as the key benefits or opportunities for using AI chatbots in educational settings?","If any, what do you see as the key benefits or opportunities for using AI chatbots in educational settings?","If any, what do you see as the key benefits or opportunities for using AI chatbots in educational settings?","If any, what do you see as the key benefits or opportunities for using AI chatbots in educational settings?","If any, what do you see as the key benefits or opportunities for using AI chatbots in educational settings?","If any, what do you see as the key benefits or opportunities for using AI chatbots in educational settings?","If any, what do you see as the key benefits or opportunities for using AI chatbots in educational settings?","If any, what do you see as the key benefits or opportunities for using AI chatbots in educational settings?","If any, what do you see as the key benefits or opportunities for using AI chatbots in educational settings?","If any, what do you see as the key benefits or opportunities for using AI chatbots in educational settings?","If any, what do you see as the key benefits or opportunities for using AI chatbots in educational settings?","If any, what do you see as the key benefits or opportunities for using AI chatbots in educational settings?","If any, what do you see as the key benefits or opportunities for using AI chatbots in educational settings?","If any, what do you see as the key benefits or opportunities for using AI chatbots in educational settings?","If any, what do you see as the key benefits or opportunities for using AI chatbots in educational settings?","If any, what do you see as the key benefits or opportunities for using AI chatbots in educational settings?","If any, what do you see as the key benefits or opportunities for using AI chatbots in educational settings?","If any, what do you see as the key benefits or opportunities for using AI chatbots in educational settings?","If any, what do you see as the key benefits or opportunities for using AI chatbots in educational settings?","If any, what do you see as the key benefits or opportunities for using AI chatbots in educational settings?","If any, what do you see as the key benefits or opportunities for using AI chatbots in educational settings?","If any, what do you see as the key benefits or opportunities for using AI chatbots in educational settings?","If any, what do you see as the key benefits or opportunities for using AI chatbots in educational settings?","If any, what do you see as the key benefits or opportunities for using AI chatbots in educational settings?","If any, what do you see as the key benefits or opportunities for using AI chatbots in educational settings?","If any, what do you see as the key benefits or opportunities for using AI chatbots in educational settings?","If any, what do you see as the key benefits or opportunities for using AI chatbots in educational settings?","If any, what do you see as the key benefits or opportunities for using AI chatbots in educational settings?","If any, what do you see as the key benefits or opportunities for using AI chatbots in educational settings?","If any, what do you see as the key benefits or opportunities for using AI chatbots in educational settings?","If any, what do you see as the key benefits or opportunities for using AI chatbots in educational settings?","If any, what do you see as the key benefits or opportunities for using AI chatbots in educational settings?","If any, what do you see as the key benefits or opportunities for using AI chatbots in educational settings?","If any, what do you see as the key benefits or opportunities for using AI chatbots in educational settings?","If any, what do you see as the key benefits or opportunities for using AI chatbots in educational settings?","If any, what do you see as the key benefits or opportunities for using AI chatbots in educational settings?","If any, what do you see as the key benefits or opportunities for using AI chatbots in educational settings?","If any, what do you see as the key benefits or opportunities for using AI chatbots in educational settings?","If any, what do you see as the key benefits or opportunities for using AI chatbots in educational settings?","If any, what do you see as the key benefits or opportunities for using AI chatbots in educational settings?","If any, what do you see as the key benefits or opportunities for using AI chatbots in educational settings?","If any, what do you see as the key benefits or opportunities for using AI chatbots in educational settings?","If any, what do you see as the key benefits or opportunities for using AI chatbots in educational settings?","If any, what do you see as the key benefits or opportunities for using AI chatbots in educational settings?","If any, what do you see as the key benefits or opportunities for using AI chatbots in educational settings?","If any, what do you see as the key benefits or opportunities for using AI chatbots in educational settings?","If any, what do you see as the key benefits or opportunities for using AI chatbots in educational settings?","If any, what do you see as the key benefits or opportunities for using AI chatbots in educational settings?","If any, what do you see as the key benefits or opportunities for using AI chatbots in educational settings?","If any, what do you see as the key benefits or opportunities for using AI chatbots in educational settings?","If any, what do you see as the key benefits or opportunities for using AI chatbots in educational settings?","If any, what do you see as the key benefits or opportunities for using AI chatbots in educational settings?","If any, what do you see as the key benefits or opportunities for using AI chatbots in educational settings?","If any, what do you see as the key benefits or opportunities for using AI chatbots in educational settings?","If any, what do you see as the key benefits or opportunities for using AI chatbots in educational settings?","If any, what do you see as the key benefits or opportunities for using AI chatbots in educational settings?","If any, what do you see as the key benefits or opportunities for using AI chatbots in educational settings?","If any, what do you see as the key benefits or opportunities for using AI chatbots in educational settings?","If any, what do you see as the key benefits or opportunities for using AI chatbots in educational settings?","If any, what do you see as the key benefits or opportunities for using AI chatbots in educational settings?","If any, what do you see as the key benefits or opportunities for using AI chatbots in educational settings?","If any, what do you see as the key benefits or opportunities for using AI chatbots in educational settings?","If any, what do you see as the key benefits or opportunities for using AI chatbots in educational settings?","If any, what do you see as the key benefits or opportunities for using AI chatbots in educational settings?","If any, what do you see as the key benefits or opportunities for using AI chatbots in educational settings?","If any, what do you see as the key benefits or opportunities for using AI chatbots in educational settings?","If any, what do you see as the key benefits or opportunities for using AI chatbots in educational settings?","If any, what do you see as the key benefits or opportunities for using AI chatbots in educational settings?","If any, what do you see as the key benefits or opportunities for using AI chatbots in educational settings?","If any, what do you see as the key benefits or opportunities for using AI chatbots in educational settings?","If any, what do you see as the key benefits or opportunities for using AI chatbots in educational settings?","If any, what do you see as the key benefits or opportunities for using AI chatbots in educational settings?","If any, what do you see as the key benefits or opportunities for using AI chatbots in educational settings?","If any, what do you see as the key benefits or opportunities for using AI chatbots in educational settings?","If any, what do you see as the key benefits or opportunities for using AI chatbots in educational settings?","If any, what do you see as the key benefits or opportunities for using AI chatbots in educational settings?","If any, what do you see as the key benefits or opportunities for using AI chatbots in educational settings?","If any, what do you see as the key benefits or opportunities for using AI chatbots in educational settings?","If any, what do you see as the key benefits or opportunities for using AI chatbots in educational settings?","If any, what do you see as the key benefits or opportunities for using AI chatbots in educational settings?","If any, what do you see as the key benefits or opportunities for using AI chatbots in educational settings?","If any, what do you see as the key benefits or opportunities for using AI chatbots in educational settings?"
Class 2: A,Class 3: S,Class 6: N,Class 7: S,Class 9: S,Class 13: E,Class 14: O,Class 15: O,Class 17: N,Class 20: E,Class 21: E,Class 23: N,Class 24: T,Class 25: O,Class 27: T,Class 28: E,Class 30: A,Class 31: E,Class 32: I,Class 33: E,Class 34: E,Class 35: A,Class 39: N,Class 40: E,Class 41: E,Class 42: R,Class 44: E,Class 46: E,Class 47: A,Class 48: E,Class 49: I,Class 50: A,Class 52: N,Class 53: A,Class 54: E,Class 55: E,Class 59: E,Class 60: E,Class 69: E,Class 72: T,Class 73: E,Class 77: O,Class 79: T,Class 81: T,Class 83: E,Class 84: S,Class 86: I,Class 88: E,Class 89: E,Class 90: E,Class 93: T,Class 94: S,Class 95: E,Class 96: T,Class 97: E,Class 101: O,Class 102: E,Class 105: E,Class 109: T,Class 116: N,Class 118: E,Class 120: E,Class 122: O,Class 123: N,Class 125: E,Class 126: A,Class 128: O,Class 129: T,Class 136: O,Class 139: E,Class 140: E,Class 141: U,Class 144: E,Class 145: C,Class 146: E,Class 148: E,Class 149: O,Class 151: E,Class 153: T,Class 155: E,Class 165: T,Class 176: E,Class 177: E,Class 178: E,Class 190: I,Class 191: E,Class 194: E,Class 195: E,Class 199: S,Class 202: T,Class 212: E,Class 215: O,Class 218: E,Class 221: O,Class 222: E,Class 226: T,Class 227: E,Class 228: E,Class 229: E,Class 230: E,Class 231: T,Class 232: E,Class 240: L,Class 242: L,Class 244: E,Class 246: T
Easily obtained and accessible information. ,Easier access to sources or relevant information that is not as easy to find ,Learning things in-depth,Help answers students questions about school work ,Access to knowledge as a study tool,They are a great source to find information,access to information to learn about a topic,Research opportunities/ Information Hub ,Give new information you donâ€™t know,"I absolutely see benefits and opportunities using AI chatbots in educational settings! You can cater a chat bot to help you acquire more knowledge on a specific topic, in a field you are struggling in.",Access to resources/info some might have otherwise not have,Information,I think AI can be a great help. I personally use it often to ask for formulas in excel that I don't have committed to memory. ,AI would provide an even broader resource and fountain for information. ,It's easier to get the information you need and ask for clarification.,Helping understand key objectives and summarizing topics to help study and learn.,AI chatbots can be beneficial in their ability to produce useful information about any topic at the drop of a hat and to also be able ti articulate it in a way that is easy to understand.,AI chatbots can help people when there stuck or need more information. ,"It can help you study way quicker by summarizing, organizing information and better explaining it",Students can use AI to help them learn information which may have been misunderstood in the classroom.,They can help with questions and ellaborates on problems.,maybe to teach really basic information or for menial tasks,"Benefits include getting an answer about a topic right away, and it can help summarize content you may have trouble understanding.","In my experience, AI can be helpful in tracing where to access primary sources, as well as helping understand a difficult phrase by pasting it into the chatbot and asking it to explain it more clearly. It could be used as a tool to double check grammar, but the student should check it afterwards and not assume that the chatbot is correct. Additionally as an educator AI is useful in writing an assignment description or ordering a lesson plan, as a teacher may want to spend more of their time focused on the students.","AI chatbots can be good to get ideas or find quick information, and they can explain complex/confusing concepts which can assist in the learning process. They can also help people proofread their work and get ideas for writing. Furthermore, AI chatbots can also help people create plans and schedules, helping them better manage their time and resources.",Students can further research and learn from AI. ,"One benefit to AI chatbots is that students will be able to gather information about new topics in a very brief overview which will allow them to prepare for class much more easily. Additionally, students may use chatbots to help create practice problems in order to assist them in reviewing for quizzes or exams.","Increased learning via easier access to information, personalized responses to specific questions that are hard to find in places like Google",fast access to wide variety of data and information. customized explanation of complex topics.,"Personalized studying improvements, more direct access to information to help education be more efficient",One major benefit is getting information quickly and easily,Fast access to information,They can provide information quicker than a google search and can be useful in helping to understand concepts.,"Chatbots can help find general trivia/information much faster, and they can give a cursory summary of an article that can speed up the annotation process.",It can help get answers faster.,The speed at which information can be accessed. ,"Gathers information really quick that is generally correct, so when researching something, it is quick and easy.",Ease of information lookup and solving difficult problems where a student needs inspiration or legitimate assistance on a difficult problem that helps them learn,"AI chatbots in educational settings can be used to improve access to quality education if implemented correctly. Additionally, at my university there is a terrible student-faculty ratio in the computer science program, so AI chatbots could help allieviate some of the issues this causes in office hours.",Chatbots can help explain topics that students may not understand when they don't have access to an instructor and are having trouble finding other online resources.,"AI chatbots can provide assistance for independent students or at times where a human teacher is not available, similar to online serach engines. AI chatbots can also respond directly for more personal support.",It provides decent summaries of information.,"For students who are confused and afraid to ask questions or their teacher cannot thoroughly explain a topic, they can ask chatbots to further explain a concept/topic.",It allows for students to understand a concept if they don't understand it initially,AI Chatbots are excellent at explaining principles or concepts in easy to understand ways. This is a function I use frequently. ,AI chatbots are useful in summarizing big concepts. ,They can help to simplify information in a pinch.,Helping students understand subjects in multiple ways and offering help in ways teachers can't.,"I believe that if a student needs a concept explained in a different way than the way taught in class, the chatbot can be useful.",They can help explain things to students. ,It can provide students clarification or explain topics that they might not understand ,It can help clarify some concepts if asked the right questions instead of asking for answers.,I see AI chatbots as beneficial sometimes by explaining a concept,Chatbots can be great teachers on concepts that were not gone in depth about in class or the student needs more explanation to grasp the topic.,I mean it helps clarify concepts and helps if you have any difficulties,Yes it can provide detailed answers and show how to work things out ,Helps to make study plans and sometimes better understand certain topics.,"AI is able to easily explain complex topics, which is especially important for students who have difficulties grasping the content. Moreover, many of them are free of charge, so it allows for a very accessible resource.",AI chatbots can help clear up misunderstandings or detect errors in content provided by students. ,"Helps to expand on concepts, useful for understanding and writing ",They provide accessible help,Can be used as tools to more efficiently learn a subject,Ai chatbot can provide help when confused on a topic,I understand and learn more with chatbots than in class,Learning more,It can assist in learning material.,another tool to learn from and study,It could teach students on things they didnt fully understand in class.,good study tool,I believe AI chatbots can help teachers generate homework and streamline the process of grading. ,I feel like it can help with research and studying,useful tool,"Personalized tutoring, ability to answer inquiries instantly, accessibility (provided there is Internet and a device).",can help you,He can help me so many things,"break down barriers of students getting the help they need in a confidential manner.  AI chatbots could enhancing learning by replacing standard e-learning with a much more complex method of learning.  AI chatbots could help reduce costs by replacing in-class instructors (they could provide a lot of the interactivity and engagement that an instructor provides) and provide much higher quality engagement that will help students retain the information.  AI bots could provide better training for skill-based learning (language learning, procedures, training on having difficult conversations, etc). ","AI chatbots could help to guide a student to the correct answer in homework platforms, such as ACHIEVE, as I have used in Chemistry, though sometimes the chatbot does not provide correct or helpful information to help solve the problem, so often I will ask for a TA's assistance or help from my professor instead.",I could see AI chatbots as being used to simplify or summarize a topic in case someone does not understand it. It could also be used to help you create a study schedule,"Some of the key benefits and opportunities that come from using AI chat bots is that you can put in a practice exam and your notes and ask it to generate more practice questions for you in order to generate more practice material so that a student can study better, additionally you can put notes in and it can condense them, or even rephrase concepts that you do not understand in an easier way that the student may be able to understand. ",Greater availability for online students,"N/A. Basic questions that one might ask a chatbot can easily be found with a traditional search. Additionally, the more complex problems one may ask a bot for help with would be better learned without it.",Personalized learning,Learning Aspect,"Ai can figure out how people like to learn based on what information they understand through their responses, then give answers to future questions using that information. ",More efficient and informed learning capabilities.,It can help break down texts much quicker.,Tool to help increase efficiency,It can help people save time on work that might be tiresome to get to actual beneficial work.,"Access to information, quickly summarizing resources / making research and answering questions faster and easier",Chatbots can help students to make faster decisions on outlines and get more in depth explanations on topics they are struggling with. ,Students being able to get an idea as to how to start a certain problem they are given when they have no idea. ,to help give you ideas about a certain topic your stuck on ,It will help students be able to reach new ideas.,tool for inspiration and information,"It can be a basis for innovation! It has helped me develop lesson plans before, when I had trouble coming up with ideas and formatting them. I understand using AI chatbots for inspiration, or to fill in gaps or help one develop ideas to do so. Also, it can help you prepare for interviews! ",I think chatbots can be a great tool for students to spark their curiosity. It can help students take ownership of their learning and ask questions and receive feedback instantaneously.,"AI can be used to help writers get out of a creative writing block, or allow other students to think differently possibly, or simply give students some answers that they may readily need in order to do something else.","Idea generation, quick information search, help in grammatical correctness","Opens ideas, helps go over work and gives feedback","Better idea generation, helpful for proof-reading, helps in studying because one could ask for an explanation of a topic they might not understand and get a very quick response, with the ability to ask questions.",I believe chatbots could be good in educational settings for taking notes or sparking ideas for when a student hits a roadblock. Also getting extra help and explanation on a topic that they are struggling with.,"I think AI can benefit students and teachers in different ways. Teachers can use AI to create lesson plans and analyze student feedback or reports; alternatively, students can use AI to assist them in studying or as inspiration for a topic idea.",Help with grammar or spelling,help people with writing skills,They can be helpful in the editing process for written papers as well as for double checking information.,"Students need to learn how to guide chatbots through solving their questions/problems in a very logical, intellectual manner. This way, the chatbot produces fine-tuned results that are the most likely to be correct. This can help students/teachers with just about anything: writing syllabi, writing rubrics, coming up with lesson plans, writing essays, citing references in a proper format, the list goes on and on."
,,,,,,,,,,,,,,,,,,,,,,,,,,,,,,,,,,,,,,,,,,,,,,,,,,,,,,,,,,,,,,,,,,,,,,,,It sometimes facilitates learning because you can ask it to teach you something in a way that you understand.,,,,,,,"if they work, helping give examples or providing basic info",,,more tailored learning,,Increased productivity,,,,,,,,,,,,,,,,,,,,,
,,,,,,,,,,,,,,,,,,,,,,,,,,,,,,,,,,,,,,,,,,,,,,,,,,,,,,,,,,,,,,,,,,,,,,,,"Ability to explain things in real time, in any way that fits for the user, creating personalized learning experiences readily available to the user whensoever they please.",,,,,,,It gives students concise answers that may have gone unanswered otherwise.,,,,,More productivity,,,,,,,,,,,,,,,,,,,,,
,,,,,,,,,,,,,,,,,,,,,,,,,,,,,,,,,,,,,,,,,,,,,,,,,,,,,,,,,,,,,,,,,,,,,,,,"Yes, they can be used to excel student's learning.",,,,,,,It is an ultimately helpful tool for educational purposes. You have examples at your fingertips to do possibly anything.,,,,,productivity,,,,,,,,,,,,,,,,,,,,,
,,,,,,,,,,,,,,,,,,,,,,,,,,,,,,,,,,,,,,,,,,,,,,,,,,,,,,,,,,,,,,,,,,,,,,,,Yes ,,,,,,,Access and Availability are two key benefits.   These systems can operate and be accessible around the clock and at any location that is accessible to the web (including a portable smart device),,,,,Greatly increases learning comprehension and reduces time spent trying to find important information,,,,,,,,,,,,,,,,,,,,,
,,,,,,,,,,,,,,,,,,,,,,,,,,,,,,,,,,,,,,,,,,,,,,,,,,,,,,,,,,,,,,,,,,,,,,,,"AI chatbots can describe and potentially assist with learning similarly to a human teacher, but with an amount of time and attention that a human teacher may not be able to offer.",,,,,,,Expansion info,,,,,,,,,,,,,,,,,,,,,,,,,,
,,,,,,,,,,,,,,,,,,,,,,,,,,,,,,,,,,,,,,,,,,,,,,,,,,,,,,,,,,,,,,,,,,,,,,,,yes,,,,,,,Immediate and concise answers.,,,,,,,,,,,,,,,,,,,,,,,,,,
,,,,,,,,,,,,,,,,,,,,,,,,,,,,,,,,,,,,,,,,,,,,,,,,,,,,,,,,,,,,,,,,,,,,,,,,"Translations/language support, personalized learning from special education to gifted, scalability, instant feedback",,,,,,,It can give quick summaries of important topics. ,,,,,,,,,,,,,,,,,,,,,,,,,,
,,,,,,,,,,,,,,,,,,,,,,,,,,,,,,,,,,,,,,,,,,,,,,,,,,,,,,,,,,,,,,,,,,,,,,,,Personalized answer. ,,,,,,,Chatbots are great for summarizing material. ,,,,,,,,,,,,,,,,,,,,,,,,,,
,,,,,,,,,,,,,,,,,,,,,,,,,,,,,,,,,,,,,,,,,,,,,,,,,,,,,,,,,,,,,,,,,,,,,,,,Chatbots can pull and create all kinds of different examples that will allow students to have personalized explanations that best fit their style of learning,,,,,,,"Providing instant feedback for questions about certain concepts, theorems, or models and possibly referring students to information/websites that have more credibility. ",,,,,,,,,,,,,,,,,,,,,,,,,,
,,,,,,,,,,,,,,,,,,,,,,,,,,,,,,,,,,,,,,,,,,,,,,,,,,,,,,,,,,,,,,,,,,,,,,,,Ability to customize learning,,,,,,,"If used correctly, could be a great learning resource. If you ask an AI chatbot for assistance in maybe defining a term then it can be a useful tool. ",,,,,,,,,,,,,,,,,,,,,,,,,,
,,,,,,,,,,,,,,,,,,,,,,,,,,,,,,,,,,,,,,,,,,,,,,,,,,,,,,,,,,,,,,,,,,,,,,,,Adaptation to individual learning styles,,,,,,,it can be used as a way to find sources/articles for research discussions,,,,,,,,,,,,,,,,,,,,,,,,,,
,,,,,,,,,,,,,,,,,,,,,,,,,,,,,,,,,,,,,,,,,,,,,,,,,,,,,,,,,,,,,,,,,,,,,,,,Saving time on time tasks.,,,,,,,It can give you sources to expand your knowledge. It can teach you things you are struggling with.,,,,,,,,,,,,,,,,,,,,,,,,,,
,,,,,,,,,,,,,,,,,,,,,,,,,,,,,,,,,,,,,,,,,,,,,,,,,,,,,,,,,,,,,,,,,,,,,,,,AI use in educational settings can allow for extensive research and learning to occur in an efficient manner. ,,,,,,,Consise advanced research. Clarification and elaboration.,,,,,,,,,,,,,,,,,,,,,,,,,,
,,,,,,,,,,,,,,,,,,,,,,,,,,,,,,,,,,,,,,,,,,,,,,,,,,,,,,,,,,,,,,,,,,,,,,,,"Increased productivity and more effective learning and researching for the students, more efficient generation of high quality teaching materials for the teachers.",,,,,,,"They can be a great source for asking questions in specific topics as long as the user verifies the responses and has a general understanding of what they are doing before referring to the AI chatbot. I find it helpful to work through certain steps in problems that are specific to a topic that I canâ€™t just look up. In higher level courses, it can be difficult to find resources online for such specific problems and tutors/office hours donâ€™t always suffice for the amount of time the support takes. I find AI can be helpful it in explaining why and or how to take certain steps to achieve and answer. Even if it is wrong, it can usually give you some sort of boost towards the correct answer or at least explain the problem well.",,,,,,,,,,,,,,,,,,,,,,,,,,
,,,,,,,,,,,,,,,,,,,,,,,,,,,,,,,,,,,,,,,,,,,,,,,,,,,,,,,,,,,,,,,,,,,,,,,,Can provide learning opportunities and idea building,,,,,,,"AI can explain how to do certain questions, how to approach them, or tell you the general information. It can also give examples which may assist the student in preparing.",,,,,,,,,,,,,,,,,,,,,,,,,,
,,,,,,,,,,,,,,,,,,,,,,,,,,,,,,,,,,,,,,,,,,,,,,,,,,,,,,,,,,,,,,,,,,,,,,,,Increased creativity and productivity. Decrease in â€œwriters blockâ€_x009d_ or lack of ideas ,,,,,,,"Foreign language practice, example problems for studying",,,,,,,,,,,,,,,,,,,,,,,,,,
,,,,,,,,,,,,,,,,,,,,,,,,,,,,,,,,,,,,,,,,,,,,,,,,,,,,,,,,,,,,,,,,,,,,,,,,,,,,,,,Chatbots can be used as a fast and somewhat reliable method of gaining a summary or can be used as a method for studying ,,,,,,,,,,,,,,,,,,,,,,,,,,
,,,,,,,,,,,,,,,,,,,,,,,,,,,,,,,,,,,,,,,,,,,,,,,,,,,,,,,,,,,,,,,,,,,,,,,,,,,,,,,quick info on thigns when questions are asked,,,,,,,,,,,,,,,,,,,,,,,,,,
,,,,,,,,,,,,,,,,,,,,,,,,,,,,,,,,,,,,,,,,,,,,,,,,,,,,,,,,,,,,,,,,,,,,,,,,,,,,,,,Itâ€™s a way to get questions answered without doing long research ,,,,,,,,,,,,,,,,,,,,,,,,,,
,,,,,,,,,,,,,,,,,,,,,,,,,,,,,,,,,,,,,,,,,,,,,,,,,,,,,,,,,,,,,,,,,,,,,,,,,,,,,,,"Rapid responses, virtually unlimited follow up",,,,,,,,,,,,,,,,,,,,,,,,,,
,,,,,,,,,,,,,,,,,,,,,,,,,,,,,,,,,,,,,,,,,,,,,,,,,,,,,,,,,,,,,,,,,,,,,,,,,,,,,,,"No scrounging on google to find a good explanation for a question you are googling, you get a direct response to your niche question. Facilitates quick ability to solve problems.",,,,,,,,,,,,,,,,,,,,,,,,,,
,,,,,,,,,,,,,,,,,,,,,,,,,,,,,,,,,,,,,,,,,,,,,,,,,,,,,,,,,,,,,,,,,,,,,,,,,,,,,,,"AI chatbots in educational settings can often assist with often mundane tasks, such as certain problem solving.  Additionally, it can serve as a formatting tool, such as providing a rough outline for people to then build upon with their original work.  Finally, it could be used to find sources, or certain facts and pertinent details, which would have to be verified for accuracy.",,,,,,,,,,,,,,,,,,,,,,,,,,
,,,,,,,,,,,,,,,,,,,,,,,,,,,,,,,,,,,,,,,,,,,,,,,,,,,,,,,,,,,,,,,,,,,,,,,,,,,,,,,"It can lead you to new resources, websites, give you either more in-depth background knowledge, it eliminates the website scams or bias, and can be a rough draft.",,,,,,,,,,,,,,,,,,,,,,,,,,
,,,,,,,,,,,,,,,,,,,,,,,,,,,,,,,,,,,,,,,,,,,,,,,,,,,,,,,,,,,,,,,,,,,,,,,,,,,,,,,Gives quick answers for simple questions and can come up with ideas ,,,,,,,,,,,,,,,,,,,,,,,,,,
,,,,,,,,,,,,,,,,,,,,,,,,,,,,,,,,,,,,,,,,,,,,,,,,,,,,,,,,,,,,,,,,,,,,,,,,,,,,,,,"AI Chatbots could be used to search for obscure answers that don't normally show up on google searches in some instances. It can also be a beneficial tool in coding, as that is one of the fields it can perform rather accurately in.",,,,,,,,,,,,,,,,,,,,,,,,,,
,,,,,,,,,,,,,,,,,,,,,,,,,,,,,,,,,,,,,,,,,,,,,,,,,,,,,,,,,,,,,,,,,,,,,,,,,,,,,,,24/7 assistance (for internally & specially trained chatbots only),,,,,,,,,,,,,,,,,,,,,,,,,,
,,,,,,,,,,,,,,,,,,,,,,,,,,,,,,,,,,,,,,,,,,,,,,,,,,,,,,,,,,,,,,,,,,,,,,,,,,,,,,,Accessibility ,,,,,,,,,,,,,,,,,,,,,,,,,,
,,,,,,,,,,,,,,,,,,,,,,,,,,,,,,,,,,,,,,,,,,,,,,,,,,,,,,,,,,,,,,,,,,,,,,,,,,,,,,,"Aiding students with assignments outside of office hours, such as over the weekends. ",,,,,,,,,,,,,,,,,,,,,,,,,,
,,,,,,,,,,,,,,,,,,,,,,,,,,,,,,,,,,,,,,,,,,,,,,,,,,,,,,,,,,,,,,,,,,,,,,,,,,,,,,,Students can ask questions that are more in-depth than class time will allow.,,,,,,,,,,,,,,,,,,,,,,,,,,
,,,,,,,,,,,,,,,,,,,,,,,,,,,,,,,,,,,,,,,,,,,,,,,,,,,,,,,,,,,,,,,,,,,,,,,,,,,,,,,24/7 teacher for menial questions,,,,,,,,,,,,,,,,,,,,,,,,,,
,,,,,,,,,,,,,,,,,,,,,,,,,,,,,,,,,,,,,,,,,,,,,,,,,,,,,,,,,,,,,,,,,,,,,,,,,,,,,,,a low cost or potentially free tutor for students that is available 24/7 ,,,,,,,,,,,,,,,,,,,,,,,,,,
,,,,,,,,,,,,,,,,,,,,,,,,,,,,,,,,,,,,,,,,,,,,,,,,,,,,,,,,,,,,,,,,,,,,,,,,,,,,,,,"in depth teaching, free (for the most part), infinite amounts of practice problems, and the ability to show more advanced topics that may be hard to find on the internet. ",,,,,,,,,,,,,,,,,,,,,,,,,,
,,,,,,,,,,,,,,,,,,,,,,,,,,,,,,,,,,,,,,,,,,,,,,,,,,,,,,,,,,,,,,,,,,,,,,,,,,,,,,,simplifying material,,,,,,,,,,,,,,,,,,,,,,,,,,
,,,,,,,,,,,,,,,,,,,,,,,,,,,,,,,,,,,,,,,,,,,,,,,,,,,,,,,,,,,,,,,,,,,,,,,,,,,,,,,It gives a great explanation,,,,,,,,,,,,,,,,,,,,,,,,,,
,,,,,,,,,,,,,,,,,,,,,,,,,,,,,,,,,,,,,,,,,,,,,,,,,,,,,,,,,,,,,,,,,,,,,,,,,,,,,,,I believe they can be very beneficial as they can give explanations and examples tp most assignments a student may be having a hard time on.,,,,,,,,,,,,,,,,,,,,,,,,,,
,,,,,,,,,,,,,,,,,,,,,,,,,,,,,,,,,,,,,,,,,,,,,,,,,,,,,,,,,,,,,,,,,,,,,,,,,,,,,,,AI chatbots can be very useful at providing explanations for different topics that may be difficult to grasp from the materials provided by the professor.,,,,,,,,,,,,,,,,,,,,,,,,,,
,,,,,,,,,,,,,,,,,,,,,,,,,,,,,,,,,,,,,,,,,,,,,,,,,,,,,,,,,,,,,,,,,,,,,,,,,,,,,,,AI is amazing for solidifying topics that a teacher may not have covered well during class.,,,,,,,,,,,,,,,,,,,,,,,,,,
,,,,,,,,,,,,,,,,,,,,,,,,,,,,,,,,,,,,,,,,,,,,,,,,,,,,,,,,,,,,,,,,,,,,,,,,,,,,,,,helping tutor students ,,,,,,,,,,,,,,,,,,,,,,,,,,
,,,,,,,,,,,,,,,,,,,,,,,,,,,,,,,,,,,,,,,,,,,,,,,,,,,,,,,,,,,,,,,,,,,,,,,,,,,,,,,"aThey are helpful when learning new skills. Lots of professors are not good at providing step by step instructions, AI is helpful.",,,,,,,,,,,,,,,,,,,,,,,,,,
,,,,,,,,,,,,,,,,,,,,,,,,,,,,,,,,,,,,,,,,,,,,,,,,,,,,,,,,,,,,,,,,,,,,,,,,,,,,,,,Expanded definitions or explinations of topics ,,,,,,,,,,,,,,,,,,,,,,,,,,
,,,,,,,,,,,,,,,,,,,,,,,,,,,,,,,,,,,,,,,,,,,,,,,,,,,,,,,,,,,,,,,,,,,,,,,,,,,,,,,quick tutoring opportunities ,,,,,,,,,,,,,,,,,,,,,,,,,,
,,,,,,,,,,,,,,,,,,,,,,,,,,,,,,,,,,,,,,,,,,,,,,,,,,,,,,,,,,,,,,,,,,,,,,,,,,,,,,,"chatbots can give insight on many things, such as explaining a mathematical process or rephrasing a statement in a way that makes it easier for a user to understand.",,,,,,,,,,,,,,,,,,,,,,,,,,
,,,,,,,,,,,,,,,,,,,,,,,,,,,,,,,,,,,,,,,,,,,,,,,,,,,,,,,,,,,,,,,,,,,,,,,,,,,,,,,"Potentially, quicker answers to difficult questions. A chat bot could also provide step by step walk throughs for challenging problems.",,,,,,,,,,,,,,,,,,,,,,,,,,
,,,,,,,,,,,,,,,,,,,,,,,,,,,,,,,,,,,,,,,,,,,,,,,,,,,,,,,,,,,,,,,,,,,,,,,,,,,,,,,"it simplifies lessons, readings, and is easier and faster to use when it comes to research ",,,,,,,,,,,,,,,,,,,,,,,,,,
,,,,,,,,,,,,,,,,,,,,,,,,,,,,,,,,,,,,,,,,,,,,,,,,,,,,,,,,,,,,,,,,,,,,,,,,,,,,,,,"I don't use chatbots, but Xronos (the CLAS math homework program) sucks and I often don't understand why (or if I really did) get a homework question wrong. I'll then Google it and websites may have AI-generated explanations; thus, I can see opportunities in the form of free tutoring programs for students who can't afford a tutor. ",,,,,,,,,,,,,,,,,,,,,,,,,,
,,,,,,,,,,,,,,,,,,,,,,,,,,,,,,,,,,,,,,,,,,,,,,,,,,,,,,,,,,,,,,,,,,,,,,,,,,,,,,,"I think it is useful as a learning tool if you ask the right questions. For example when you cant reach to somebody who can immediately help, AI can be useful for explaining.",,,,,,,,,,,,,,,,,,,,,,,,,,
,,,,,,,,,,,,,,,,,,,,,,,,,,,,,,,,,,,,,,,,,,,,,,,,,,,,,,,,,,,,,,,,,,,,,,,,,,,,,,,It is very helpful when taking notes or if not understanding a concept it can break it down for you,,,,,,,,,,,,,,,,,,,,,,,,,,
,,,,,,,,,,,,,,,,,,,,,,,,,,,,,,,,,,,,,,,,,,,,,,,,,,,,,,,,,,,,,,,,,,,,,,,,,,,,,,,"Ai is great for creating study guides, practice tests, organizing notes, and even breaking complicated concepts down to barebones for better understanding.",,,,,,,,,,,,,,,,,,,,,,,,,,
,,,,,,,,,,,,,,,,,,,,,,,,,,,,,,,,,,,,,,,,,,,,,,,,,,,,,,,,,,,,,,,,,,,,,,,,,,,,,,,"Used to explain problems in detail, in a way that may not be easily found online. Can be a helpful tool for managing excessive homework. I believe that increased AI usage among students (as opposed to rates of cheating normally) is a symptom of excessive workload.",,,,,,,,,,,,,,,,,,,,,,,,,,
,,,,,,,,,,,,,,,,,,,,,,,,,,,,,,,,,,,,,,,,,,,,,,,,,,,,,,,,,,,,,,,,,,,,,,,,,,,,,,,"If used properly, AI could act as hands on teachers. For example, when someone is learning how to code, an AI assistant could work side by side and help point out errors in the code that a human might miss.",,,,,,,,,,,,,,,,,,,,,,,,,,
,,,,,,,,,,,,,,,,,,,,,,,,,,,,,,,,,,,,,,,,,,,,,,,,,,,,,,,,,,,,,,,,,,,,,,,,,,,,,,,I find them useful as a guideline. I ask it clarifying questions and I use it to learn instead of just asking it for all of the answers. ,,,,,,,,,,,,,,,,,,,,,,,,,,
,,,,,,,,,,,,,,,,,,,,,,,,,,,,,,,,,,,,,,,,,,,,,,,,,,,,,,,,,,,,,,,,,,,,,,,,,,,,,,,"perspective change, walk through questions ",,,,,,,,,,,,,,,,,,,,,,,,,,
,,,,,,,,,,,,,,,,,,,,,,,,,,,,,,,,,,,,,,,,,,,,,,,,,,,,,,,,,,,,,,,,,,,,,,,,,,,,,,,"Grading work, explaining work in simple terms",,,,,,,,,,,,,,,,,,,,,,,,,,
,,,,,,,,,,,,,,,,,,,,,,,,,,,,,,,,,,,,,,,,,,,,,,,,,,,,,,,,,,,,,,,,,,,,,,,,,,,,,,,Detailed answers,,,,,,,,,,,,,,,,,,,,,,,,,,
,,,,,,,,,,,,,,,,,,,,,,,,,,,,,,,,,,,,,,,,,,,,,,,,,,,,,,,,,,,,,,,,,,,,,,,,,,,,,,,They can make you smarter,,,,,,,,,,,,,,,,,,,,,,,,,,
,,,,,,,,,,,,,,,,,,,,,,,,,,,,,,,,,,,,,,,,,,,,,,,,,,,,,,,,,,,,,,,,,,,,,,,,,,,,,,,It can provide remedial assistance to students and assist in their studying efforts. ,,,,,,,,,,,,,,,,,,,,,,,,,,
,,,,,,,,,,,,,,,,,,,,,,,,,,,,,,,,,,,,,,,,,,,,,,,,,,,,,,,,,,,,,,,,,,,,,,,,,,,,,,,Could potentially be used as a homework aid (for ex. coming up with practice questions and detailed explanations of questions),,,,,,,,,,,,,,,,,,,,,,,,,,
,,,,,,,,,,,,,,,,,,,,,,,,,,,,,,,,,,,,,,,,,,,,,,,,,,,,,,,,,,,,,,,,,,,,,,,,,,,,,,,Larger understanding of the topic,,,,,,,,,,,,,,,,,,,,,,,,,,
,,,,,,,,,,,,,,,,,,,,,,,,,,,,,,,,,,,,,,,,,,,,,,,,,,,,,,,,,,,,,,,,,,,,,,,,,,,,,,,Understanding concepts ,,,,,,,,,,,,,,,,,,,,,,,,,,
,,,,,,,,,,,,,,,,,,,,,,,,,,,,,,,,,,,,,,,,,,,,,,,,,,,,,,,,,,,,,,,,,,,,,,,,,,,,,,,It can be a very good study tool to prepare for an exam by asking it to generate multiple choice questions on the material being studied,,,,,,,,,,,,,,,,,,,,,,,,,,
,,,,,,,,,,,,,,,,,,,,,,,,,,,,,,,,,,,,,,,,,,,,,,,,,,,,,,,,,,,,,,,,,,,,,,,,,,,,,,,it's a good tool when you are working with numbers or coding,,,,,,,,,,,,,,,,,,,,,,,,,,
,,,,,,,,,,,,,,,,,,,,,,,,,,,,,,,,,,,,,,,,,,,,,,,,,,,,,,,,,,,,,,,,,,,,,,,,,,,,,,,studying,,,,,,,,,,,,,,,,,,,,,,,,,,
,,,,,,,,,,,,,,,,,,,,,,,,,,,,,,,,,,,,,,,,,,,,,,,,,,,,,,,,,,,,,,,,,,,,,,,,,,,,,,,AI chatbots have the opportunity to create questions for you to test your knowledge in a variety of stem subjects.,,,,,,,,,,,,,,,,,,,,,,,,,,
,,,,,,,,,,,,,,,,,,,,,,,,,,,,,,,,,,,,,,,,,,,,,,,,,,,,,,,,,,,,,,,,,,,,,,,,,,,,,,,Useful assistance ,,,,,,,,,,,,,,,,,,,,,,,,,,
,,,,,,,,,,,,,,,,,,,,,,,,,,,,,,,,,,,,,,,,,,,,,,,,,,,,,,,,,,,,,,,,,,,,,,,,,,,,,,,Human-AI collaboration and enhancing the potential,,,,,,,,,,,,,,,,,,,,,,,,,,
,,,,,,,,,,,,,,,,,,,,,,,,,,,,,,,,,,,,,,,,,,,,,,,,,,,,,,,,,,,,,,,,,,,,,,,,,,,,,,,They limit the amount of man power needed. Can be used to solve easy to answer/minor questions.,,,,,,,,,,,,,,,,,,,,,,,,,,
,,,,,,,,,,,,,,,,,,,,,,,,,,,,,,,,,,,,,,,,,,,,,,,,,,,,,,,,,,,,,,,,,,,,,,,,,,,,,,,"Can help with synthesizing learnings in a classroom, for notetaking, and for coding ",,,,,,,,,,,,,,,,,,,,,,,,,,
,,,,,,,,,,,,,,,,,,,,,,,,,,,,,,,,,,,,,,,,,,,,,,,,,,,,,,,,,,,,,,,,,,,,,,,,,,,,,,,Some,,,,,,,,,,,,,,,,,,,,,,,,,,
,,,,,,,,,,,,,,,,,,,,,,,,,,,,,,,,,,,,,,,,,,,,,,,,,,,,,,,,,,,,,,,,,,,,,,,,,,,,,,,teachers will have to emphasize critical thinking as opposed to traditional rote memorization and application,,,,,,,,,,,,,,,,,,,,,,,,,,
,,,,,,,,,,,,,,,,,,,,,,,,,,,,,,,,,,,,,,,,,,,,,,,,,,,,,,,,,,,,,,,,,,,,,,,,,,,,,,,rturu,,,,,,,,,,,,,,,,,,,,,,,,,,
,,,,,,,,,,,,,,,,,,,,,,,,,,,,,,,,,,,,,,,,,,,,,,,,,,,,,,,,,,,,,,,,,,,,,,,,,,,,,,,"It is a major part of our present and future, and has the potential to advance our education and content to a much greater extent.",,,,,,,,,,,,,,,,,,,,,,,,,,
,,,,,,,,,,,,,,,,,,,,,,,,,,,,,,,,,,,,,,,,,,,,,,,,,,,,,,,,,,,,,,,,,,,,,,,,,,,,,,,Easier school life,,,,,,,,,,,,,,,,,,,,,,,,,,
,,,,,,,,,,,,,,,,,,,,,,,,,,,,,,,,,,,,,,,,,,,,,,,,,,,,,,,,,,,,,,,,,,,,,,,,,,,,,,,none,,,,,,,,,,,,,,,,,,,,,,,,,,
,,,,,,,,,,,,,,,,,,,,,,,,,,,,,,,,,,,,,,,,,,,,,,,,,,,,,,,,,,,,,,,,,,,,,,,,,,,,,,,At this moment I am not aware of any.,,,,,,,,,,,,,,,,,,,,,,,,,,
,,,,,,,,,,,,,,,,,,,,,,,,,,,,,,,,,,,,,,,,,,,,,,,,,,,,,,,,,,,,,,,,,,,,,,,,,,,,,,,"Little to none. AI chat bots are mostly novel to me, and while may assist as a tool it believe it is a slippery slope into dependence on their use.",,,,,,,,,,,,,,,,,,,,,,,,,,
,,,,,,,,,,,,,,,,,,,,,,,,,,,,,,,,,,,,,,,,,,,,,,,,,,,,,,,,,,,,,,,,,,,,,,,,,,,,,,,None.,,,,,,,,,,,,,,,,,,,,,,,,,,
,,,,,,,,,,,,,,,,,,,,,,,,,,,,,,,,,,,,,,,,,,,,,,,,,,,,,,,,,,,,,,,,,,,,,,,,,,,,,,,"As stated previously, the prevelance of bullshit that results from a computer model that cannot think about what it is saying, and is instead only trying to make a sentence that is grammatically correct can result in massive flaws in it's use as an educational tool. As a result of this, it should be a known fact that LLMs have no place in higher education.",,,,,,,,,,,,,,,,,,,,,,,,,,
,,,,,,,,,,,,,,,,,,,,,,,,,,,,,,,,,,,,,,,,,,,,,,,,,,,,,,,,,,,,,,,,,,,,,,,,,,,,,,,no,,,,,,,,,,,,,,,,,,,,,,,,,,
,,,,,,,,,,,,,,,,,,,,,,,,,,,,,,,,,,,,,,,,,,,,,,,,,,,,,,,,,,,,,,,,,,,,,,,,,,,,,,,"Because of these chatbotâ€™s failures to correctly convey complex topics, as well as their lack of ability to actually think about what they are doing, I see no place for the use of Large Language Models in higher education. ",,,,,,,,,,,,,,,,,,,,,,,,,,
,,,,,,,,,,,,,,,,,,,,,,,,,,,,,,,,,,,,,,,,,,,,,,,,,,,,,,,,,,,,,,,,,,,,,,,,,,,,,,,Honestly I'm not sure,,,,,,,,,,,,,,,,,,,,,,,,,,
,,,,,,,,,,,,,,,,,,,,,,,,,,,,,,,,,,,,,,,,,,,,,,,,,,,,,,,,,,,,,,,,,,,,,,,,,,,,,,,No benefits for AI in educational settings.,,,,,,,,,,,,,,,,,,,,,,,,,,
,,,,,,,,,,,,,,,,,,,,,,,,,,,,,,,,,,,,,,,,,,,,,,,,,,,,,,,,,,,,,,,,,,,,,,,,,,,,,,,None.,,,,,,,,,,,,,,,,,,,,,,,,,,
,,,,,,,,,,,,,,,,,,,,,,,,,,,,,,,,,,,,,,,,,,,,,,,,,,,,,,,,,,,,,,,,,,,,,,,,,,,,,,,"I see no benefits. Especially with how confidently incorrect AI oftentimes is, students should not be reliant on it or see it as a very viable tool. ",,,,,,,,,,,,,,,,,,,,,,,,,,
,,,,,,,,,,,,,,,,,,,,,,,,,,,,,,,,,,,,,,,,,,,,,,,,,,,,,,,,,,,,,,,,,,,,,,,,,,,,,,,"None, ideally enough academic resources would be available to teach individuals directly. ",,,,,,,,,,,,,,,,,,,,,,,,,,
,,,,,,,,,,,,,,,,,,,,,,,,,,,,,,,,,,,,,,,,,,,,,,,,,,,,,,,,,,,,,,,,,,,,,,,,,,,,,,,No,,,,,,,,,,,,,,,,,,,,,,,,,,
,,,,,,,,,,,,,,,,,,,,,,,,,,,,,,,,,,,,,,,,,,,,,,,,,,,,,,,,,,,,,,,,,,,,,,,,,,,,,,,Nothing,,,,,,,,,,,,,,,,,,,,,,,,,,
,,,,,,,,,,,,,,,,,,,,,,,,,,,,,,,,,,,,,,,,,,,,,,,,,,,,,,,,,,,,,,,,,,,,,,,,,,,,,,,"I may see applications for AI chatbots in certain scenarios and in research or quality of life, but AI Chatbots should be researched themselves, and not allowed in an educational scenario.",,,,,,,,,,,,,,,,,,,,,,,,,,
,,,,,,,,,,,,,,,,,,,,,,,,,,,,,,,,,,,,,,,,,,,,,,,,,,,,,,,,,,,,,,,,,,,,,,,,,,,,,,,no,,,,,,,,,,,,,,,,,,,,,,,,,,
,,,,,,,,,,,,,,,,,,,,,,,,,,,,,,,,,,,,,,,,,,,,,,,,,,,,,,,,,,,,,,,,,,,,,,,,,,,,,,,N/a,,,,,,,,,,,,,,,,,,,,,,,,,,
,,,,,,,,,,,,,,,,,,,,,,,,,,,,,,,,,,,,,,,,,,,,,,,,,,,,,,,,,,,,,,,,,,,,,,,,,,,,,,,Make material more understandable for students as the AI can give responses in whatever way you would work best for you.,,,,,,,,,,,,,,,,,,,,,,,,,,
,,,,,,,,,,,,,,,,,,,,,,,,,,,,,,,,,,,,,,,,,,,,,,,,,,,,,,,,,,,,,,,,,,,,,,,,,,,,,,,Faster understanding and adaptation to all kinds of students.,,,,,,,,,,,,,,,,,,,,,,,,,,
,,,,,,,,,,,,,,,,,,,,,,,,,,,,,,,,,,,,,,,,,,,,,,,,,,,,,,,,,,,,,,,,,,,,,,,,,,,,,,,"I see the key benefits as being reducing the teaching load, checking that knowledge is consolidated and that students can proceed at their own pace.",,,,,,,,,,,,,,,,,,,,,,,,,,
,,,,,,,,,,,,,,,,,,,,,,,,,,,,,,,,,,,,,,,,,,,,,,,,,,,,,,,,,,,,,,,,,,,,,,,,,,,,,,,"Accelerate menial, administrative tasks.",,,,,,,,,,,,,,,,,,,,,,,,,,
,,,,,,,,,,,,,,,,,,,,,,,,,,,,,,,,,,,,,,,,,,,,,,,,,,,,,,,,,,,,,,,,,,,,,,,,,,,,,,,"I see AI as a tool just like a calculator, when used responsibly it is a powerful tool that gets rid of tedious actions for the same result.",,,,,,,,,,,,,,,,,,,,,,,,,,
,,,,,,,,,,,,,,,,,,,,,,,,,,,,,,,,,,,,,,,,,,,,,,,,,,,,,,,,,,,,,,,,,,,,,,,,,,,,,,,Can speed up the research process for students,,,,,,,,,,,,,,,,,,,,,,,,,,
,,,,,,,,,,,,,,,,,,,,,,,,,,,,,,,,,,,,,,,,,,,,,,,,,,,,,,,,,,,,,,,,,,,,,,,,,,,,,,,Usually straight to the point ,,,,,,,,,,,,,,,,,,,,,,,,,,
,,,,,,,,,,,,,,,,,,,,,,,,,,,,,,,,,,,,,,,,,,,,,,,,,,,,,,,,,,,,,,,,,,,,,,,,,,,,,,,reduction of tedious tasks like automatic grading,,,,,,,,,,,,,,,,,,,,,,,,,,
,,,,,,,,,,,,,,,,,,,,,,,,,,,,,,,,,,,,,,,,,,,,,,,,,,,,,,,,,,,,,,,,,,,,,,,,,,,,,,,They can enhance and speed up studying,,,,,,,,,,,,,,,,,,,,,,,,,,
,,,,,,,,,,,,,,,,,,,,,,,,,,,,,,,,,,,,,,,,,,,,,,,,,,,,,,,,,,,,,,,,,,,,,,,,,,,,,,,Saves time and energy; is quicker and more efficient compared to looking up different topics and figuring out how to formulate those thoughts.,,,,,,,,,,,,,,,,,,,,,,,,,,
,,,,,,,,,,,,,,,,,,,,,,,,,,,,,,,,,,,,,,,,,,,,,,,,,,,,,,,,,,,,,,,,,,,,,,,,,,,,,,,Save time and save a lot of unneeded tedious work.,,,,,,,,,,,,,,,,,,,,,,,,,,
,,,,,,,,,,,,,,,,,,,,,,,,,,,,,,,,,,,,,,,,,,,,,,,,,,,,,,,,,,,,,,,,,,,,,,,,,,,,,,,Saving Time,,,,,,,,,,,,,,,,,,,,,,,,,,
,,,,,,,,,,,,,,,,,,,,,,,,,,,,,,,,,,,,,,,,,,,,,,,,,,,,,,,,,,,,,,,,,,,,,,,,,,,,,,,pairs down unnecessary work,,,,,,,,,,,,,,,,,,,,,,,,,,
,,,,,,,,,,,,,,,,,,,,,,,,,,,,,,,,,,,,,,,,,,,,,,,,,,,,,,,,,,,,,,,,,,,,,,,,,,,,,,,"From the perspective of students, the way it can be used to answer non-reflective, numerous questions that are time consuming and don't really stimulate one's analysis capacities. ",,,,,,,,,,,,,,,,,,,,,,,,,,
,,,,,,,,,,,,,,,,,,,,,,,,,,,,,,,,,,,,,,,,,,,,,,,,,,,,,,,,,,,,,,,,,,,,,,,,,,,,,,,Can gather facts quickly.,,,,,,,,,,,,,,,,,,,,,,,,,,
,,,,,,,,,,,,,,,,,,,,,,,,,,,,,,,,,,,,,,,,,,,,,,,,,,,,,,,,,,,,,,,,,,,,,,,,,,,,,,,The ability to conduct research much more efficiently. It can condense sources into short responses. ,,,,,,,,,,,,,,,,,,,,,,,,,,
,,,,,,,,,,,,,,,,,,,,,,,,,,,,,,,,,,,,,,,,,,,,,,,,,,,,,,,,,,,,,,,,,,,,,,,,,,,,,,,Efficient and cost effective ,,,,,,,,,,,,,,,,,,,,,,,,,,
,,,,,,,,,,,,,,,,,,,,,,,,,,,,,,,,,,,,,,,,,,,,,,,,,,,,,,,,,,,,,,,,,,,,,,,,,,,,,,,1) Teaching students how to use a helpful resources. 2) Minimizing unnecessary effort. 3) Our world is moving towards using AI anyways; students might as well learn how to use it. ,,,,,,,,,,,,,,,,,,,,,,,,,,
,,,,,,,,,,,,,,,,,,,,,,,,,,,,,,,,,,,,,,,,,,,,,,,,,,,,,,,,,,,,,,,,,,,,,,,,,,,,,,,"Less time required by instructor, students can obtain a better grasp of material before coming to class, there is a buffer to answer questions before the student must ask the instructor, time saving, convenience",,,,,,,,,,,,,,,,,,,,,,,,,,
,,,,,,,,,,,,,,,,,,,,,,,,,,,,,,,,,,,,,,,,,,,,,,,,,,,,,,,,,,,,,,,,,,,,,,,,,,,,,,,Creating templates and generating ideas to develop thorough responses; minimizing amount of time it takes students to complete tasks ,,,,,,,,,,,,,,,,,,,,,,,,,,
,,,,,,,,,,,,,,,,,,,,,,,,,,,,,,,,,,,,,,,,,,,,,,,,,,,,,,,,,,,,,,,,,,,,,,,,,,,,,,,I think that AI can be applied in order to reduce the amount of time spent on repetitive activities. It also can serve as an enhancement to our own ideas. I typically use AI tools to organize my thoughts into something easier to understand. ,,,,,,,,,,,,,,,,,,,,,,,,,,
,,,,,,,,,,,,,,,,,,,,,,,,,,,,,,,,,,,,,,,,,,,,,,,,,,,,,,,,,,,,,,,,,,,,,,,,,,,,,,,Helping you clear up an idea or helping with starting to write down ideas for essays or projects. ,,,,,,,,,,,,,,,,,,,,,,,,,,
,,,,,,,,,,,,,,,,,,,,,,,,,,,,,,,,,,,,,,,,,,,,,,,,,,,,,,,,,,,,,,,,,,,,,,,,,,,,,,,"Sometimes I will have some idea or concept that's ""on the tip of my tounge"". For example, I might use a dictionary or thesaurus or search engine to find the name of a concept I partially remember or to find related concepts. So chatbots serve a similar role. Another example is semanticially searching programming documentation (we used it for learning MCNP). But otherwise chatbots generally fail at providing reliably true results, and are pretty useless for courses in my degree path. I also find that LLMs produce mediocre results for creative writing but this may be prompt or model-specific.",,,,,,,,,,,,,,,,,,,,,,,,,,
,,,,,,,,,,,,,,,,,,,,,,,,,,,,,,,,,,,,,,,,,,,,,,,,,,,,,,,,,,,,,,,,,,,,,,,,,,,,,,,Allows for opportunities to be creative and explore outletd,,,,,,,,,,,,,,,,,,,,,,,,,,
,,,,,,,,,,,,,,,,,,,,,,,,,,,,,,,,,,,,,,,,,,,,,,,,,,,,,,,,,,,,,,,,,,,,,,,,,,,,,,,comes up with the unthinkable ,,,,,,,,,,,,,,,,,,,,,,,,,,
,,,,,,,,,,,,,,,,,,,,,,,,,,,,,,,,,,,,,,,,,,,,,,,,,,,,,,,,,,,,,,,,,,,,,,,,,,,,,,,Makes it easy to gather ideas and brainstorm for a paper,,,,,,,,,,,,,,,,,,,,,,,,,,
,,,,,,,,,,,,,,,,,,,,,,,,,,,,,,,,,,,,,,,,,,,,,,,,,,,,,,,,,,,,,,,,,,,,,,,,,,,,,,,It can provide ideas when lost,,,,,,,,,,,,,,,,,,,,,,,,,,
,,,,,,,,,,,,,,,,,,,,,,,,,,,,,,,,,,,,,,,,,,,,,,,,,,,,,,,,,,,,,,,,,,,,,,,,,,,,,,,creativity,,,,,,,,,,,,,,,,,,,,,,,,,,
,,,,,,,,,,,,,,,,,,,,,,,,,,,,,,,,,,,,,,,,,,,,,,,,,,,,,,,,,,,,,,,,,,,,,,,,,,,,,,,Aid with ideas,,,,,,,,,,,,,,,,,,,,,,,,,,
,,,,,,,,,,,,,,,,,,,,,,,,,,,,,,,,,,,,,,,,,,,,,,,,,,,,,,,,,,,,,,,,,,,,,,,,,,,,,,,gaining perspective and ideas,,,,,,,,,,,,,,,,,,,,,,,,,,
,,,,,,,,,,,,,,,,,,,,,,,,,,,,,,,,,,,,,,,,,,,,,,,,,,,,,,,,,,,,,,,,,,,,,,,,,,,,,,,"It provides a starting point for thought/creative processes, which can be used by students to further their research. ",,,,,,,,,,,,,,,,,,,,,,,,,,
,,,,,,,,,,,,,,,,,,,,,,,,,,,,,,,,,,,,,,,,,,,,,,,,,,,,,,,,,,,,,,,,,,,,,,,,,,,,,,,"Idea brainstorming, quick specific knowledge",,,,,,,,,,,,,,,,,,,,,,,,,,
,,,,,,,,,,,,,,,,,,,,,,,,,,,,,,,,,,,,,,,,,,,,,,,,,,,,,,,,,,,,,,,,,,,,,,,,,,,,,,,It is helpful for workshopping ideas and wording.,,,,,,,,,,,,,,,,,,,,,,,,,,
,,,,,,,,,,,,,,,,,,,,,,,,,,,,,,,,,,,,,,,,,,,,,,,,,,,,,,,,,,,,,,,,,,,,,,,,,,,,,,,"Helping organize thoughts on specific topics, forming summaries, finding better vocabulary for writing assignments, etc ",,,,,,,,,,,,,,,,,,,,,,,,,,
,,,,,,,,,,,,,,,,,,,,,,,,,,,,,,,,,,,,,,,,,,,,,,,,,,,,,,,,,,,,,,,,,,,,,,,,,,,,,,,Helping write up ideas or outlines for papers,,,,,,,,,,,,,,,,,,,,,,,,,,
,,,,,,,,,,,,,,,,,,,,,,,,,,,,,,,,,,,,,,,,,,,,,,,,,,,,,,,,,,,,,,,,,,,,,,,,,,,,,,,Gaining insight or ideas for writing essays and papers,,,,,,,,,,,,,,,,,,,,,,,,,,
,,,,,,,,,,,,,,,,,,,,,,,,,,,,,,,,,,,,,,,,,,,,,,,,,,,,,,,,,,,,,,,,,,,,,,,,,,,,,,,"Instant feedback on structured assignments, such as writing small blocks of code or parsing unfamiliar syntax.",,,,,,,,,,,,,,,,,,,,,,,,,,
,,,,,,,,,,,,,,,,,,,,,,,,,,,,,,,,,,,,,,,,,,,,,,,,,,,,,,,,,,,,,,,,,,,,,,,,,,,,,,,Making research easier and useful for creating a flow in writing,,,,,,,,,,,,,,,,,,,,,,,,,,
,,,,,,,,,,,,,,,,,,,,,,,,,,,,,,,,,,,,,,,,,,,,,,,,,,,,,,,,,,,,,,,,,,,,,,,,,,,,,,,"Organization, editing, and allocation of resource. ",,,,,,,,,,,,,,,,,,,,,,,,,,
,,,,,,,,,,,,,,,,,,,,,,,,,,,,,,,,,,,,,,,,,,,,,,,,,,,,,,,,,,,,,,,,,,,,,,,,,,,,,,,Writing and memory support,,,,,,,,,,,,,,,,,,,,,,,,,,
,,,,,,,,,,,,,,,,,,,,,,,,,,,,,,,,,,,,,,,,,,,,,,,,,,,,,,,,,,,,,,,,,,,,,,,,,,,,,,,"It is beneficial when used correctly, suggestions for better word selection, proper format for essays, creating an outline when you're unsure where to start, fact checking information, etc.",,,,,,,,,,,,,,,,,,,,,,,,,,
